gene_name,Protein_Change,scaffold,Promiscuity,performance_delta,Bin_idx,_rank
ATP6V1E1,"",S_10_194925,153.96894377996065,0.23130193905817176,14,1
DST,"",S_10_70948,64.13131478759979,0.2229916897506925,13,1
KNSTRN,"",S_10_143863,61.78578191819675,0.09556786703601106,5,1
STARD10,"",S_10_116732,42.5515879501287,0.2119113573407202,13,2
RPS12,"",S_10_74114,32.666266022966234,0.20221606648199442,12,1
COPS7B,"",S_10_34905,25.888521034892506,0.15096952908587258,9,1
CD55,"",S_10_17991,14.768047612688544,0.15927977839335172,9,2
