gene_name,Protein_Change,scaffold,Promiscuity,performance_delta,Bin_idx,_rank
MYB,"",S_10_74219,8.243822085818122,0.16066481994459836,10,1
KIF13A,"",S_10_66614,4.847069132645293,0.2285318559556786,14,1
SNRNP40,"",S_10_4287,3.78006494601326,0.14404432132963985,9,1
MAN2C1,"",S_10_147936,2.4791791720548035,0.06648199445983372,4,1
C3orf33,"",S_10_45557,0.3823348345787754,0.2506925207756232,15,1
NAV1,"",S_10_17082,0.3623174515461345,0.17728531855955676,11,1
SHANK2,"",S_10_116500,0.0,0.19390581717451516,12,1
RGL4,"",S_10_195897,0.0,0.1745152354570637,10,2
